{"intro": 19.263696145124715, "go to section a": 30.303696145124718, "A1234": 338.77115646258505, "A1": 174.74496598639456, "A2": 229.71496598639456, "A3": 284.76496598639454, "go to section b": 444.6363492063492, "B1234": 886.9530385487528, "B1": 641.5430385487529, "B2": 702.9530385487528, "B3": 766.9130385487529, "B4": 829.6650113378685, "go to section c": 1026.863038548753, "C123": 1425.1845124716554, "C1": 1218.9445124716553, "C2": 1286.8245124716552, "C3": 1351.4845124716553, "go to section d": 1560.4245124716554, "D1234": 1980.6143310657596, "D1": 1745.5343310657597, "D2": 1814.5143310657597, "D3": 1873.0743310657597, "D4": 1928.6343310657596, "go to section E": 2108.9543310657596, "E1": 2157.946326530612, "E1 (repeated)": 2194.7863265306123, "E2": 2231.8139002267576, "E2 (repeated)": 2274.7263265306124, "E3": 2317.8122222222223, "E3 (repeated)": 2355.7263265306124}