{"intro": 19.218956916099774, "go to section a": 21.03637188208617, "A1234": 157.20902494331065, "A1": 55.72748299319728, "A2": 106.39922902494331, "A3": 120.18868480725624, "go to section b": 193.4328344671202, "B1234": 682.6105215419501, "B1": 595.3892743764172, "B2": 611.161179138322, "B3": 627.4996145124717, "B4": 663.9845124716553, "go to section c": 709.2202721088436, "C123": 816.9644897959183, "C1": 744.6986621315193, "C2": 789.0610204081632, "C3": 793.4622448979592, "go to section d": 837.8531746031746, "D1234": 1126.1468480725623, "D1": 893.0889115646258, "D2": 915.1937868480726, "D3": 1008.2790929705216, "D4": 1095.6634240362812, "go to section E": 1240.4715873015873, "E1": 1287.8126530612244}