{"intro": 17.45517006802721, "go to section a": 29.74111111111111, "A1234": 364.87471655328795, "A1": 177.67544217687075, "A2": 224.4636507936508, "A3": 274.5955328798186, "go to section b": 404.6969387755102, "B1234": 874.5062811791383, "B1": 586.2356235827665, "B2": 641.2901360544217, "B3": 693.8136734693877, "B4": 752.4208390022676, "go to section c": 918.9227437641723, "C123": 1350.701111111111, "C1": 1105.262879818594, "C2": 1168.3514965986394, "C3": 1229.5825170068026, "go to section d": 1395.7478231292516, "D1234": 1913.2509523809524, "D1": 1594.5106349206349, "D2": 1650.9583446712018, "D3": 1712.3751247165533, "D4": 1776.6479591836735, "go to section E": 1958.2276870748299, "E1": 2009.82768707483, "E1 (repeated)": 2049.5445124716553, "E2": 2093.0961678004537, "E2 (repeated)": 2136.7361678004536, "E3": 2181.442290249433, "E3 (repeated)": 2225.8844217687074}