{"intro": 0.0007709750566893424, "go to section a": 19.68219954648526, "A1234": 329.5683219954648, "A1": 166.14174603174604, "A2": 218.90201814058958, "A3": 278.6934013605442, "go to section b": 434.5712471655329, "B1234": 845.1808163265306, "B1": 607.8737188208617, "B2": 664.9141496598639, "B3": 724.6692517006803, "B4": 789.2439455782313, "go to section c": 978.4495011337868, "C123": 1316.8477551020408, "C1": 1132.935306122449, "C2": 1195.0590929705215, "C3": 1252.7142403628118, "go to section d": 1432.0789795918367, "D1234": 1868.5306575963718, "D1": 1622.6632653061224, "D2": 1679.752426303855, "D3": 1740.937006802721, "D4": 1807.044217687075, "go to section E": 2012.327142857143, "E1": 2055.733401360544, "E1 (repeated)": 2094.2707029478456, "E2": 2132.771882086168, "E2 (repeated)": 2176.564716553288, "E3": 2220.6361904761907, "E3 (repeated)": 2259.994013605442, "end": 2305.2107482993197}