{"intro": 0.00018140589569160998, "go to section a": 20.261768707482993, "A1234": 295.623537414966, "A1": 144.71986394557823, "A2": 195.8241723356009, "A3": 245.79351473922904, "go to section b": 392.57274376417234, "B1234": 770.3921315192744, "B1": 542.8463945578231, "B2": 601.4692063492064, "B3": 656.8929931972789, "B4": 710.6007482993198, "go to section c": 894.2285260770975, "C123": 1249.3965759637188, "C1": 1050.8268027210884, "C2": 1114.604739229025, "C3": 1186.1221995464853, "go to section d": 1378.792970521542, "D1234": 1789.167641723356, "D1": 1548.748231292517, "D2": 1609.793492063492, "D3": 1669.4455555555555, "D4": 1731.0016553287983, "go to section E": 1927.2440362811792, "E1": 1955.2535827664399, "E1 (repeated)": 1993.7484580498867, "E2": 2031.7214285714285, "E2 (repeated)": 2075.467823129252, "E3": 2119.214217687075, "E3 (repeated)": 2165.1214058956916}