{"intro": 0.0005668934240362812, "go to section a": 20.262018140589568, "A1234": 302.5901133786848, "A1": 149.3401133786848, "A2": 200.7401133786848, "A3": 252.0001133786848, "go to section b": 398.5820181405896, "B1234": 783.2164852607709, "B1": 552.5436734693877, "B2": 608.0764852607709, "B3": 667.486485260771, "B4": 727.166485260771, "go to section c": 910.5439455782313, "C123": 1236.1187755102042, "C1": 1052.370113378685, "C2": 1112.472925170068, "C3": 1173.538775510204, "go to section d": 1350.7651700680271, "D1234": 1764.6407256235827, "D1": 1522.8007256235828, "D2": 1581.1407256235827, "D3": 1642.6407256235827, "D4": 1705.9807256235827, "go to section E": 1904.4371201814058, "E1": 1933.6119274376417, "E1 (repeated)": 1974.4407256235827, "E2": 2015.1207256235828, "E2 (repeated)": 2065.6279138321997, "E3": 2116.1379138321995, "E3 (repeated)": 2157.370725623583}