{"intro": 0.0004761904761904762, "go to section a": 20.941156462585035, "A1234": 297.711768707483, "A1": 146.75185941043082, "A2": 198.7018820861678, "A3": 247.62632653061223, "go to section b": 391.03113378684805, "B1234": 806.1285714285714, "B1": 559.6790022675737, "B2": 618.284716553288, "B3": 686.5225850340136, "B4": 751.1669387755102, "go to section c": 947.8992517006802, "C123": 1303.4642176870748, "C1": 1105.0753287981859, "C2": 1179.291700680272, "C3": 1241.4156009070296, "go to section d": 1433.2163038548754, "D1234": 1817.51410430839, "D1": 1590.4379138321995, "D2": 1646.7777777777778, "D3": 1700.8338321995466, "D4": 1758.233560090703, "go to section E": 1942.3556689342404, "E1": 1972.1937868480725, "E1 (repeated)": 2018.2259410430838, "E2": 2064.1056689342404, "E2 (repeated)": 2110.810158730159, "E3": 2157.4008163265307, "E3 (repeated)": 2197.8526077097504, "end": 2244.591337868481}