{
    "intro": 17.305147392290248,
    "go to section a": 30.45814058956916,
    "A1234": 337.62131519274374,
    "A1": 153.41113378684807,
    "A2": 203.78943310657596,
    "A3": 253.48183673469387,
    "go to section b": 378.24943310657596,
    "B1234": 901.7772562358276,
    "B1": 575.8803174603174,
    "B2": 635.4437868480726,
    "B3": 700.8467346938776,
    "B4": 757.3085260770976,
    "go to section c": 947.94641723356,
    "C123": 1382.8604988662132,
    "C1": 1129.8653514739228,
    "C2": 1195.985328798186,
    "C3": 1256.5385260770975,
    "go to section d": 1428.8995011337868,
    "D1234": 1905.8569387755101,
    "D1": 1605.468752834467,
    "D2": 1665.491224489796,
    "D3": 1719.4346485260771,
    "D4": 1778.5625170068026,
    "go to section E": 1952.0073696145125,
    "E1": 1994.2104081632654,
    "E1 (repeated)": 2041.0731065759637,
    "E2": 2084.393106575964,
    "E2 (repeated)": 2132.4649433106574,
    "E3": 2177.524943310658,
    "E3 (repeated)": 2217.4874376417233
}