{
    "intro": 0.47374149659863946,
    "go to section a": 26.784308390022677,
    "A1234": 307.8074603174603,
    "A1": 154.70879818594105,
    "A2": 205.8109977324263,
    "A3": 255.18362811791383,
    "go to section b": 402.8890022675737,
    "B1234": 853.4603854875284,
    "B1": 589.5685941043084,
    "B2": 654.061133786848,
    "B3": 726.668253968254,
    "B4": 787.8388888888888,
    "go to section c": 1012.432947845805,
    "C123": 1385.6072562358277,
    "C1": 1178.2418820861678,
    "C2": 1248.4738321995465,
    "C3": 1306.1638775510205,
    "go to section d": 1524.0080952380952,
    "D1234": 1942.5945804988662,
    "D1": 1697.7509523809524,
    "D2": 1752.8477324263038,
    "D3": 1824.665804988662,
    "D4": 1879.1604081632654,
    "go to section E": 2083.64462585034,
    "E1": 2112.7024489795917,
    "E1 (repeated)": 2153.5903401360542,
    "E2": 2194.651201814059,
    "E2 (repeated)": 2241.961814058957,
    "E3": 2289.1480045351473,
    "E3 (repeated)": 2326.0360770975058,
    "end": 2369.177641723356
}