{
    "intro": 0.47374149659863946,
    "go to section a": 25.590884353741497,
    "A1234": 323.51659863945576,
    "A1": 161.25963718820861,
    "A2": 210.908820861678,
    "A3": 264.4298866213152,
    "go to section b": 427.3716099773243,
    "B1234": 901.550544217687,
    "B1": 625.7967573696145,
    "B2": 700.2728117913832,
    "B3": 778.3755328798186,
    "B4": 837.3773242630385,
    "go to section c": 1073.4691836734694,
    "C123": 1448.7785487528345,
    "C1": 1248.1604081632654,
    "C2": 1307.6069387755101,
    "C3": 1382.278866213152,
    "go to section d": 1591.089319727891,
    "D1234": 1965.4074829931974,
    "D1": 1749.9385487528345,
    "D2": 1810.6637188208617,
    "D3": 1860.7131972789116,
    "D4": 1915.6229024943311,
    "go to section e": 2092.138299319728,
    "E1": 2121.189342403628,
    "E1 (repeated)": 2169.2687528344673,
    "E2": 2217.391133786848,
    "E2 (repeated)": 2266.782154195011,
    "E3": 2316.178752834467,
    "E3 (repeated)": 2357.4525170068027,
    "end": 2404.7709297052156
}