{"intro": 15.954603174603175, "go to section a": 32.812290249433104, "A1234": 396.4367800453515, "A1": 197.16312925170067, "A2": 247.78263038548752, "A3": 303.51052154195014, "go to section b": 437.90761904761905, "B1234": 885.4954648526077, "B1": 616.3297505668934, "B2": 668.7139682539682, "B3": 719.4263492063492, "B4": 775.9901587301588, "go to section c": 928.1737414965986, "C123": 1355.7459863945578, "C1": 1118.9488888888889, "C2": 1179.2743310657597, "C3": 1240.3428117913832, "go to section d": 1397.866984126984, "D1234": 1875.4550113378684, "D1": 1591.6142857142856, "D2": 1651.1502494331066, "D3": 1701.4446712018141, "D4": 1754.804126984127, "go to section E": 1917.5295691609977, "E1": 1985.0996371882086, "E1 (repeated)": 2036.4157369614513, "E2": 2081.508888888889, "E2 (repeated)": 2125.394603174603, "E3": 2172.0667120181406, "E3 (repeated)": 2219.110340136054}