{"intro": 0.00015873015873015873, "go to section a": 18.484149659863945, "A1234": 327.1040589569161, "A1": 163.38315192743764, "A2": 217.4846485260771, "A3": 265.7579365079365, "go to section b": 429.35773242630387, "B1234": 850.4763718820861, "B1": 610.2224943310657, "B2": 674.1228117913832, "B3": 733.1701587301587, "B4": 796.5131972789115, "go to section c": 987.9906349206349, "C123": 1388.762380952381, "C1": 1175.2891609977323, "C2": 1249.0177097505668, "C3": 1315.040022675737, "go to section d": 1532.9563038548754, "D1234": 1961.9257596371883, "D1": 1720.3151247165533, "D2": 1782.5203854875283, "D3": 1839.7333560090703, "D4": 1897.0866439909298, "go to section E": 2101.7533333333336, "E1": 2146.196326530612, "E1 (repeated)": 2190.1507029478457, "E2": 2233.292380952381, "E2 (repeated)": 2277.2013151927436, "E3": 2321.5968707482994, "E3 (repeated)": 2369.661179138322}