{"intro": 17.755124716553286, "go to section a": 30.038480725623582, "A1234": 351.19367346938776, "A1": 168.31331065759636, "A2": 215.84455782312926, "A3": 266.3479591836735, "go to section b": 391.4802947845805, "B1234": 901.6226984126985, "B1": 583.6950793650793, "B2": 652.7047845804989, "B3": 708.5719954648526, "B4": 767.1095011337868, "go to section c": 947.9000680272109, "C123": 1463.3134013605443, "C1": 1181.2373922902495, "C2": 1245.2315873015873, "C3": 1316.4936281179139, "go to section d": 1508.8245124716552, "D1234": 2026.6451473922903, "D1": 1709.5478231292518, "D2": 1771.6379818594105, "D3": 1828.0160317460318, "D4": 1890.6866893424037, "go to section E": 2070.554081632653, "E1": 2125.8640136054423, "E1 (repeated)": 2166.5221541950114, "E2": 2209.177210884354, "E2 (repeated)": 2251.29820861678, "E3": 2287.916077097506, "E3 (repeated)": 2324.3390249433105}