{"intro": 15.97031746031746, "go to section a": 28.253673469387756, "A1234": 389.06074829931976, "A1": 179.83884353741496, "A2": 236.86768707482995, "A3": 292.4179818594104, "go to section b": 433.8222448979592, "B1234": 897.6232879818594, "B1": 613.0414739229025, "B2": 665.6390022675737, "B3": 721.6128117913833, "B4": 777.978866213152, "go to section c": 943.902358276644, "C123": 1371.777664399093, "C1": 1120.5985260770974, "C2": 1183.51641723356, "C3": 1252.9256689342403, "go to section d": 1417.288775510204, "D1234": 1948.1025623582766, "D1": 1626.8399546485261, "D2": 1688.6674376417234, "D3": 1751.128934240363, "D4": 1808.097641723356, "go to section E": 1992.0114965986395, "E1": 2046.4936054421769, "E1 (repeated)": 2086.2853968253967, "E2": 2123.559365079365, "E2 (repeated)": 2160.8347165532878, "E3": 2200.6012925170066, "E3 (repeated)": 2240.294081632653}