{"intro": 16.814126984126982, "go to section a": 30.0959410430839, "A1234": 356.5735600907029, "A1": 168.54356009070295, "A2": 220.29356009070295, "A3": 270.0135600907029, "go to section b": 398.2497505668934, "B1234": 881.8453514739228, "B1": 590.7697505668934, "B2": 653.9697505668934, "B3": 721.7097505668934, "B4": 848.503560090703, "go to section c": 1026.126485260771, "C123": 1380.373038548753, "C1": 1129.216485260771, "C2": 1191.2661678004536, "C3": 1254.1261678004535, "go to section d": 1427.5430385487527, "D1234": 1933.8944897959184, "D1": 1628.4969841269842, "D2": 1684.8569841269841, "D3": 1744.3569841269841, "D4": 1802.5969841269841, "go to section E": 1982.0339002267574, "E1": 2030.7154195011337, "E1 (repeated)": 2069.144081632653, "E2": 2109.4827437641725, "E2 (repeated)": 2149.8314058956917, "E3": 2191.365238095238, "E3 (repeated)": 2232.860385487528}