{"intro": 0.0005668934240362812, "go to section a": 19.124603174603173, "A1234": 318.01945578231295, "A1": 159.76356009070295, "A2": 209.60356009070296, "A3": 269.6894557823129, "go to section b": 417.0940589569161, "B1234": 826.7004081632653, "B1": 587.4216099773242, "B2": 650.4804081632653, "B3": 707.5604081632653, "B4": 773.0104081632653, "go to section c": 961.0065079365079, "C123": 1306.9008843537415, "C1": 1117.0608843537416, "C2": 1182.7508843537414, "C3": 1246.5808843537416, "go to section d": 1427.006507936508, "D1234": 1832.7153968253967, "D1": 1598.6315873015874, "D2": 1658.2031065759638, "D3": 1717.3231065759637, "D4": 1774.6153968253968, "go to section E": 1962.9556462585033, "E1": 2006.2693650793651, "E1 (repeated)": 2048.3112471655327, "E2": 2090.441247165533, "E2 (repeated)": 2132.141247165533, "E3": 2174.0812471655327, "E3 (repeated)": 2214.8567573696146, "end": 2261.8609523809523}