{"intro": 0.0007709750566893424, "go to section a": 19.5937641723356, "A1234": 291.2143537414966, "A1": 142.11185941043084, "A2": 189.22278911564626, "A3": 242.85342403628118, "go to section b": 381.821768707483, "B1234": 784.4546031746032, "B1": 544.4954195011338, "B2": 612.2791609977324, "B3": 670.9408616780046, "B4": 732.992902494331, "go to section c": 920.6726984126984, "C123": 1254.7555782312925, "C1": 1066.8127664399094, "C2": 1123.3255782312924, "C3": 1192.3655782312926, "go to section d": 1374.097074829932, "D1234": 1776.6112018140589, "D1": 1540.184761904762, "D2": 1598.5373696145125, "D3": 1662.299365079365, "D4": 1719.0489342403628, "go to section E": 1910.5978911564625, "E1": 1939.490476190476, "E1 (repeated)": 1983.34641723356, "E2": 2027.2223129251702, "E2 (repeated)": 2071.3496825396824, "E3": 2115.336916099773, "E3 (repeated)": 2159.3343537414967, "end": 2214.211950113379}