{
    "intro": 1.5586394557823129,
    "go to section a": 21.375260770975057,
    "A1234": 292.7152380952381,
    "A1": 143.55925170068028,
    "A2": 193.18501133786847,
    "A3": 243.69920634920635,
    "go to section b": 383.3413605442177,
    "B1234": 792.1826984126984,
    "B1": 548.9708163265307,
    "B2": 606.8678684807256,
    "B3": 665.1178684807256,
    "B4": 723.9878684807256,
    "go to section c": 930.5633786848073,
    "C123": 1275.6266213151928,
    "C1": 1081.9895691609977,
    "C2": 1141.7066213151927,
    "C3": 1211.7866213151926,
    "go to section d": 1399.7571882086168,
    "D1234": 1815.9874829931973,
    "D1": 1571.9962585034014,
    "D2": 1631.059387755102,
    "D3": 1699.00537414966,
    "D4": 1757.5301360544217,
    "go to section E": 1956.2781632653061,
    "E1": 1984.887641723356,
    "E1 (repeated)": 2020.204671201814,
    "E2": 2055.5091609977326,
    "E2 (repeated)": 2103.0043764172337,
    "E3": 2150.4796598639455,
    "E3 (repeated)": 2191.516099773243,
    "end": 2238.096462585034
}