{
    "intro": 0.47374149659863946,
    "go to section a": 27.767596371882085,
    "A1234": 324.9595464852608,
    "A1": 163.30485260770976,
    "A2": 219.55893424036282,
    "A3": 267.0128344671202,
    "go to section b": 428.7740362811791,
    "B1234": 843.415306122449,
    "B1": 597.2917006802721,
    "B2": 662.8313151927438,
    "B3": 718.7578911564626,
    "B4": 786.4145804988663,
    "go to section c": 985.086462585034,
    "C123": 1387.9609070294784,
    "C1": 1165.7185714285715,
    "C2": 1252.2655328798187,
    "C3": 1312.23462585034,
    "go to section d": 1540.9978458049886,
    "D1234": 1942.8944671201814,
    "D1": 1705.8795011337868,
    "D2": 1767.9480725623582,
    "D3": 1827.0366439909296,
    "D4": 1884.424149659864,
    "go to section E": 2075.7227891156463,
    "E1": 2104.7738321995466,
    "E1 (repeated)": 2143.4817006802723,
    "E2": 2182.2025396825397,
    "E2 (repeated)": 2243.011111111111,
    "E3": 2303.825260770975,
    "E3 (repeated)": 2341.9983446712017,
    "end": 2385.818911564626
}