{
    "sample_rate": 44100,
    "total_duration": 2163.554580498866,
    "grouped_beep_times": [
        23.794580498866214,
        36.49104308390023,
        57.502585034013606,
        133.53179138321997,
        159.46333333333334,
        183.18097505668933,
        209.11251700680273,
        236.70204081632653,
        262.63358276643993,
        295.7887528344671,
        321.7202947845805,
        397.74009070294784,
        423.778820861678,
        425.575306122449,
        437.9842176870748,
        458.9957596371882,
        598.0689115646259,
        624.0004535147392,
        667.5249659863946,
        698.4765079365079,
        745.62768707483,
        776.5792290249433,
        804.6294784580499,
        835.5810204081632,
        868.8026984126984,
        899.7542403628117,
        1038.9249433106577,
        1069.876485260771,
        1071.672879818594,
        1084.7272562358276,
        1105.738798185941,
        1220.4325623582768,
        1246.36410430839,
        1279.8790929705215,
        1305.8106349206348,
        1354.5510204081634,
        1380.4825623582767,
        1421.0507029478458,
        1446.9822448979592,
        1561.6250793650793,
        1587.4966213151927,
        1589.293015873016,
        1602.098185941043,
        1623.1097278911564,
        1722.210702947846,
        1748.1422448979592,
        1782.935873015873,
        1808.8674149659864,
        1832.985351473923,
        1858.9168934240363,
        1887.8950566893425,
        1913.8265986394558,
        1937.6796371882085,
        1963.611179138322,
        2062.6644444444446,
        2088.5456009070294,
        2090.3419954648525,
        2103.4167120181405,
        2119.393038548753,
        2146.4609070294787
    ],
    "segments": [
        {
            "start": 0.0,
            "end": 23.794580498866214,
            "duration": 23.794580498866214,
            "label": "intro to examination info ( hosted by SEC ) French ( ordinary and higher )"
        },
        {
            "start": 23.794580498866214,
            "end": 36.49104308390023,
            "duration": 12.696462585034016,
            "label": "Section A ( go to section A )"
        },
        {
            "start": 36.49104308390023,
            "end": 57.502585034013606,
            "duration": 21.011541950113376,
            "label": "audio for Q1,2 and 3 at once"
        },
        {
            "start": 57.502585034013606,
            "end": 133.53179138321997,
            "duration": 76.02920634920636,
            "label": "audio for Q1 ( Daniel )"
        },
        {
            "start": 133.53179138321997,
            "end": 159.46333333333334,
            "duration": 25.93154195011337,
            "label": "audio for Q2 ( Louis )"
        },
        {
            "start": 159.46333333333334,
            "end": 183.18097505668933,
            "duration": 23.717641723355996,
            "label": "audio for Q3 ( Appoline )"
        },
        {
            "start": 183.18097505668933,
            "end": 209.11251700680273,
            "duration": 25.9315419501134,
            "label": "audio for Q1,2 and 3 again"
        },
        {
            "start": 209.11251700680273,
            "end": 236.70204081632653,
            "duration": 27.589523809523797,
            "label": "Section B ( look at section B)"
        },
        {
            "start": 236.70204081632653,
            "end": 262.63358276643993,
            "duration": 25.9315419501134,
            "label": "audio for all questions ( q1,2,3,4)"
        },
        {
            "start": 262.63358276643993,
            "end": 295.7887528344671,
            "duration": 33.15517006802719,
            "label": "audio for Q1"
        },
        {
            "start": 295.7887528344671,
            "end": 321.7202947845805,
            "duration": 25.9315419501134,
            "label": "audio for Q2"
        },
        {
            "start": 321.7202947845805,
            "end": 397.74009070294784,
            "duration": 76.01979591836732,
            "label": "audio for Q3"
        },
        {
            "start": 397.74009070294784,
            "end": 423.778820861678,
            "duration": 26.038730158730175,
            "label": "audio for Q4"
        },
        {
            "start": 423.778820861678,
            "end": 425.575306122449,
            "duration": 1.7964852607709645,
            "label": "audio for Q1,2,3 and 4 again"
        },
        {
            "start": 425.575306122449,
            "end": 437.9842176870748,
            "duration": 12.40891156462584,
            "label": "Section C ( look at section C )"
        },
        {
            "start": 437.9842176870748,
            "end": 458.9957596371882,
            "duration": 21.011541950113383,
            "label": "audio for all questions ( q1,2,3)"
        },
        {
            "start": 458.9957596371882,
            "end": 598.0689115646259,
            "duration": 139.07315192743766,
            "label": "audio for Q1"
        },
        {
            "start": 598.0689115646259,
            "end": 624.0004535147392,
            "duration": 25.931541950113342,
            "label": "audio for Q2"
        },
        {
            "start": 624.0004535147392,
            "end": 667.5249659863946,
            "duration": 43.524512471655385,
            "label": "audio for Q3"
        },
        {
            "start": 667.5249659863946,
            "end": 698.4765079365079,
            "duration": 30.951541950113324,
            "label": "audio for Q1,2 and 3 again"
        },
        {
            "start": 698.4765079365079,
            "end": 745.62768707483,
            "duration": 47.15117913832205,
            "label": "Section D ( look at section D)"
        },
        {
            "start": 745.62768707483,
            "end": 776.5792290249433,
            "duration": 30.951541950113324,
            "label": "audio for all questions ( q1,2,3,4)"
        },
        {
            "start": 776.5792290249433,
            "end": 804.6294784580499,
            "duration": 28.050249433106615,
            "label": "audio for Q1"
        },
        {
            "start": 804.6294784580499,
            "end": 835.5810204081632,
            "duration": 30.951541950113324,
            "label": "audio for Q2"
        },
        {
            "start": 835.5810204081632,
            "end": 868.8026984126984,
            "duration": 33.22167800453519,
            "label": "audio for Q3"
        },
        {
            "start": 868.8026984126984,
            "end": 899.7542403628117,
            "duration": 30.951541950113324,
            "label": "audio for Q4"
        },
        {
            "start": 899.7542403628117,
            "end": 1038.9249433106577,
            "duration": 139.17070294784594,
            "label": "audio for Q1,2,3 and 4 again"
        },
        {
            "start": 1038.9249433106577,
            "end": 1069.876485260771,
            "duration": 30.951541950113324,
            "label": "Section E ( look at section E )"
        },
        {
            "start": 1069.876485260771,
            "end": 1071.672879818594,
            "duration": 1.7963945578230778,
            "label": "audio for Q1"
        },
        {
            "start": 1071.672879818594,
            "end": 1084.7272562358276,
            "duration": 13.05437641723347,
            "label": "audio for Q1 again"
        },
        {
            "start": 1084.7272562358276,
            "end": 1105.738798185941,
            "duration": 21.011541950113497,
            "label": "audio for Q2"
        },
        {
            "start": 1105.738798185941,
            "end": 1220.4325623582768,
            "duration": 114.6937641723357,
            "label": "audio for Q2 again"
        },
        {
            "start": 1220.4325623582768,
            "end": 1246.36410430839,
            "duration": 25.931541950113342,